{
 "actions": [],
 "creation": "2021-07-25 01:13:04.695345",
 "doctype": "DocType",
 "editable_grid": 1,
 "engine": "InnoDB",
 "field_order": [
  "coupon_code",
  "coupon",
  "type",
  "pos_offer",
  "applied",
  "customer"
 ],
 "fields": [
  {
   "fieldname": "coupon",
   "fieldtype": "Link",
   "in_list_view": 1,
   "label": "Coupon",
   "options": "POS Coupon",
   "read_only": 1,
   "reqd": 1
  },
  {
   "default": "1",
   "fieldname": "applied",
   "fieldtype": "Check",
   "in_list_view": 1,
   "label": "Applied",
   "read_only": 1
  },
  {
   "fetch_from": "coupon.pos_offer",
   "fetch_if_empty": 1,
   "fieldname": "pos_offer",
   "fieldtype": "Link",
   "in_list_view": 1,
   "label": "POS Offer",
   "options": "POS Offer",
   "read_only": 1,
   "reqd": 1
  },
  {
   "fetch_from": "coupon.coupon_type",
   "fieldname": "type",
   "fieldtype": "Data",
   "label": "Type",
   "read_only": 1
  },
  {
   "fieldname": "customer",
   "fieldtype": "Link",
   "label": "Customer",
   "options": "Customer",
   "read_only": 1
  },
  {
   "fetch_from": "coupon.coupon_code",
   "fetch_if_empty": 1,
   "fieldname": "coupon_code",
   "fieldtype": "Data",
   "in_list_view": 1,
   "label": "Coupon Code",
   "read_only": 1,
   "reqd": 1
  }
 ],
 "index_web_pages_for_search": 1,
 "istable": 1,
 "links": [],
 "modified": "2021-07-25 18:30:50.096464",
 "modified_by": "Administrator",
 "module": "shoperprime",
 "name": "POS Coupon Detail",
 "owner": "Administrator",
 "permissions": [],
 "quick_entry": 1,
 "sort_field": "modified",
 "sort_order": "DESC",
 "track_changes": 1
}