{
 "actions": [],
 "creation": "2020-09-29 02:59:27.107324",
 "doctype": "DocType",
 "editable_grid": 1,
 "engine": "InnoDB",
 "field_order": [
  "mode_of_payment",
  "opening_amount",
  "closing_amount",
  "expected_amount",
  "difference"
 ],
 "fields": [
  {
   "fieldname": "mode_of_payment",
   "fieldtype": "Link",
   "in_list_view": 1,
   "label": "Mode of Payment",
   "options": "Mode of Payment",
   "reqd": 1
  },
  {
   "fieldname": "opening_amount",
   "fieldtype": "Currency",
   "in_list_view": 1,
   "label": "Opening Amount",
   "options": "company:company_currency",
   "read_only": 1,
   "reqd": 1
  },
  {
   "fieldname": "closing_amount",
   "fieldtype": "Currency",
   "in_list_view": 1,
   "label": "Closing Amount",
   "options": "company:company_currency",
   "reqd": 1
  },
  {
   "fieldname": "expected_amount",
   "fieldtype": "Currency",
   "in_list_view": 1,
   "label": "Expected Amount",
   "options": "company:company_currency",
   "read_only": 1,
   "reqd": 1
  },
  {
   "fieldname": "difference",
   "fieldtype": "Currency",
   "in_list_view": 1,
   "label": "Difference",
   "options": "company:company_currency",
   "read_only": 1
  }
 ],
 "istable": 1,
 "links": [],
 "modified": "2020-09-29 02:59:35.699400",
 "modified_by": "Administrator",
 "module": "shoperprime",
 "name": "POS Closing Shift Detail",
 "owner": "Administrator",
 "permissions": [],
 "quick_entry": 1,
 "sort_field": "modified",
 "sort_order": "DESC",
 "track_changes": 1
}